"","id","set","weight","grade"
"1",8887,1,1,9
"2",8888,1,1,10
"3",8889,1,1,6
"4",8890,1,1,10
"5",8891,1,1,9
"6",8892,1,1,10
"7",8893,1,1,8
"8",8894,1,1,6
"9",8895,1,1,8
"10",8896,1,1,9
"11",8897,1,1,11
"12",8898,1,1,6
"13",8899,1,1,10
"14",8900,1,1,9
"15",8901,1,1,10
"16",8902,1,1,9
"17",8903,1,1,9
"18",8904,1,1,8
"19",8905,1,1,8
"20",8906,1,1,10
"21",8907,1,1,9
"22",8908,1,1,8
"23",8909,1,1,9
"24",8910,1,1,9
"25",8911,1,1,7
"26",8912,1,1,6
"27",8913,1,1,8
"28",8914,1,1,10
"29",8915,1,1,7
"30",8916,1,1,9
"31",8917,1,1,11
"32",8918,1,1,8
"33",8919,1,1,8
"34",8920,1,1,8
"35",8921,1,1,8
"36",8922,1,1,10
"37",8923,1,1,8
"38",8924,1,1,10
"39",8925,1,1,8
"40",8926,1,1,8
"41",8927,1,1,8
"42",8928,1,1,8
"43",8929,1,1,10
"44",8930,1,1,10
"45",8931,1,1,9
"46",8932,1,1,9
"47",8933,1,1,10
"48",8934,1,1,9
"49",8935,1,1,6
"50",8936,1,1,7
"51",8937,1,1,8
"52",8938,1,1,7
"53",8939,1,1,10
"54",8940,1,1,8
"55",8941,1,1,10
"56",8942,1,1,9
"57",8943,1,1,10
"58",8944,1,1,9
"59",8945,1,1,9
"60",8946,1,1,9
"61",8947,1,1,8
"62",8948,1,1,8
"63",8949,1,1,10
"64",8950,1,1,8
"65",8951,1,1,8
"66",8952,1,1,9
"67",8953,1,1,9
"68",8954,1,1,10
"69",8955,1,1,8
"70",8956,1,1,9
"71",8957,1,1,8
"72",8958,1,1,9
"73",8959,1,1,8
"74",8960,1,1,9
"75",8961,1,1,11
"76",8962,1,1,9
"77",8963,1,1,9
"78",8964,1,1,10
"79",8965,1,1,9
"80",8966,1,1,9
"81",8967,1,1,8
"82",8968,1,1,9
"83",8969,1,1,8
"84",8970,1,1,9
"85",8971,1,1,11
"86",8972,1,1,10
"87",8973,1,1,9
"88",8974,1,1,9
"89",8975,1,1,9
"90",8976,1,1,8
"91",8977,1,1,9
"92",8978,1,1,7
"93",8979,1,1,8
"94",8980,1,1,7
"95",8981,1,1,9
"96",8982,1,1,9
"97",8983,1,1,9
"98",8984,1,1,8
"99",8985,1,1,8
"100",8986,1,1,10
"101",8987,1,1,10
"102",8988,1,1,10
"103",8989,1,1,9
"104",8990,1,1,9
"105",8991,1,1,9
"106",8992,1,1,10
"107",8993,1,1,8
"108",8994,1,1,8
"109",8995,1,1,8
"110",8996,1,1,10
"111",8997,1,1,9
"112",8998,1,1,8
"113",8999,1,1,7
"114",9000,1,1,7
"115",9001,1,1,7
"116",9002,1,1,10
"117",9003,1,1,9
"118",9004,1,1,8
"119",9005,1,1,8
"120",9006,1,1,9
"121",9007,1,1,9
"122",9008,1,1,8
"123",9009,1,1,9
"124",9010,1,1,6
"125",9011,1,1,5
"126",9012,1,1,10
"127",9013,1,1,8
"128",9014,1,1,9
"129",9015,1,1,7
"130",9016,1,1,9
"131",9017,1,1,9
"132",9018,1,1,7
"133",9019,1,1,8
"134",9020,1,1,10
"135",9021,1,1,9
"136",9022,1,1,8
"137",9023,1,1,8
"138",9024,1,1,10
"139",9025,1,1,8
"140",9026,1,1,10
"141",9027,1,1,8
"142",9028,1,1,8
"143",9029,1,1,10
"144",9030,1,1,8
"145",9031,1,1,9
"146",9032,1,1,10
"147",9033,1,1,9
"148",9034,1,1,8
"149",9035,1,1,10
"150",9036,1,1,10
"151",9037,1,1,7
"152",9038,1,1,8
"153",9039,1,1,8
"154",9040,1,1,6
"155",9041,1,1,9
"156",9042,1,1,9
"157",9043,1,1,8
"158",9044,1,1,8
"159",9045,1,1,8
"160",9046,1,1,9
"161",9047,1,1,8
"162",9048,1,1,10
"163",9049,1,1,8
"164",9050,1,1,8
"165",9051,1,1,8
"166",9052,1,1,7
"167",9053,1,1,9
"168",9054,1,1,9
"169",9055,1,1,10
"170",9056,1,1,10
"171",9057,1,1,8
"172",9058,1,1,7
"173",9059,1,1,8
"174",9060,1,1,9
"175",9061,1,1,7
"176",9062,1,1,7
"177",9063,1,1,10
"178",9064,1,1,10
"179",9065,1,1,8
"180",9066,1,1,8
"181",9067,1,1,10
"182",9068,1,1,9
"183",9069,1,1,7
"184",9070,1,1,9
"185",9071,1,1,11
"186",9072,1,1,9
"187",9073,1,1,9
"188",9074,1,1,9
"189",9075,1,1,10
"190",9076,1,1,9
"191",9077,1,1,8
"192",9078,1,1,10
"193",9079,1,1,8
"194",9080,1,1,10
"195",9081,1,1,9
"196",9082,1,1,10
"197",9083,1,1,9
"198",9084,1,1,10
"199",9085,1,1,10
"200",9086,1,1,8
"201",9087,1,1,9
"202",9088,1,1,10
"203",9089,1,1,8
"204",9090,1,1,9
"205",9091,1,1,10
"206",9092,1,1,8
"207",9093,1,1,8
"208",9094,1,1,9
"209",9095,1,1,8
"210",9096,1,1,9
"211",9097,1,1,8
"212",9098,1,1,10
"213",9099,1,1,9
"214",9100,1,1,10
"215",9101,1,1,8
"216",9102,1,1,8
"217",9103,1,1,7
"218",9104,1,1,9
"219",9105,1,1,9
"220",9106,1,1,7
"221",9107,1,1,9
"222",9108,1,1,8
"223",9109,1,1,8
"224",9110,1,1,8
"225",9111,1,1,6
"226",9112,1,1,8
"227",9113,1,1,11
"228",9114,1,1,9
"229",9115,1,1,9
"230",9116,1,1,8
"231",9117,1,1,6
"232",9118,1,1,9
"233",9119,1,1,9
"234",9120,1,1,10
"235",9121,1,1,8
"236",9122,1,1,8
"237",9123,1,1,10
"238",9124,1,1,8
"239",9125,1,1,11
"240",9126,1,1,10
"241",9127,1,1,8
"242",9128,1,1,9
"243",9129,1,1,9
"244",9130,1,1,10
"245",9131,1,1,6
"246",9132,1,1,9
"247",9133,1,1,7
"248",9134,1,1,5
"249",9135,1,1,10
"250",9136,1,1,11
"251",9137,1,1,8
"252",9138,1,1,8
"253",9139,1,1,9
"254",9140,1,1,6
"255",9141,1,1,9
"256",9142,1,1,6
"257",9143,1,1,9
"258",9144,1,1,8
"259",9145,1,1,8
"260",9146,1,1,10
"261",9147,1,1,7
"262",9148,1,1,9
"263",9149,1,1,8
"264",9150,1,1,11
"265",9151,1,1,3
"266",9152,1,1,10
"267",9153,1,1,9
"268",9154,1,1,9
"269",9155,1,1,8
"270",9156,1,1,7
"271",9157,1,1,10
"272",9158,1,1,8
"273",9159,1,1,9
"274",9160,1,1,9
"275",9161,1,1,7
"276",9162,1,1,10
"277",9163,1,1,9
"278",9164,1,1,8
"279",9165,1,1,8
"280",9166,1,1,8
"281",9167,1,1,8
"282",9168,1,1,9
"283",9169,1,1,9
"284",9170,1,1,8
"285",9171,1,1,8
"286",9172,1,1,7
"287",9173,1,1,9
"288",9174,1,1,9
"289",9175,1,1,8
"290",9176,1,1,10
"291",9177,1,1,10
"292",9178,1,1,9
"293",9179,1,1,6
"294",9180,1,1,8
"295",9181,1,1,7
"296",9182,1,1,8
"297",9183,1,1,8
"298",9184,1,1,9
"299",9185,1,1,7
"300",9186,1,1,8
"301",9187,1,1,8
"302",9188,1,1,10
"303",9189,1,1,8
"304",9190,1,1,9
"305",9191,1,1,9
"306",9192,1,1,9
"307",9193,1,1,9
"308",9194,1,1,8
"309",9195,1,1,9
"310",9196,1,1,10
"311",9197,1,1,8
"312",9198,1,1,9
"313",9199,1,1,8
"314",9200,1,1,9
"315",9201,1,1,10
"316",9202,1,1,8
"317",9203,1,1,9
"318",9204,1,1,8
"319",9205,1,1,8
"320",9206,1,1,8
"321",9207,1,1,8
"322",9208,1,1,9
"323",9209,1,1,9
"324",9210,1,1,8
"325",9211,1,1,7
"326",9212,1,1,9
"327",9213,1,1,10
"328",9214,1,1,8
"329",9215,1,1,9
"330",9216,1,1,8
"331",9217,1,1,8
"332",9218,1,1,10
"333",9219,1,1,7
"334",9220,1,1,7
"335",9221,1,1,6
"336",9222,1,1,9
"337",9223,1,1,9
"338",9224,1,1,10
"339",9225,1,1,9
"340",9226,1,1,9
"341",9227,1,1,9
"342",9228,1,1,6
"343",9229,1,1,9
"344",9230,1,1,9
"345",9231,1,1,8
"346",9232,1,1,9
"347",9233,1,1,11
"348",9234,1,1,5
"349",9235,1,1,10
"350",9236,1,1,10
"351",9237,1,1,8
"352",9238,1,1,9
"353",9239,1,1,8
"354",9240,1,1,8
"355",9241,1,1,8
"356",9242,1,1,9
"357",9243,1,1,9
"358",9244,1,1,9
"359",9245,1,1,9
"360",9246,1,1,7
"361",9247,1,1,6
"362",9248,1,1,6
"363",9249,1,1,7
"364",9250,1,1,8
"365",9251,1,1,10
"366",9252,1,1,9
"367",9253,1,1,9
"368",9254,1,1,3
"369",9255,1,1,8
"370",9256,1,1,8
"371",9257,1,1,7
"372",9258,1,1,8
"373",9259,1,1,10
"374",9260,1,1,6
"375",9261,1,1,9
"376",9262,1,1,9
"377",9263,1,1,2
"378",9264,1,1,9
"379",9265,1,1,9
"380",9266,1,1,8
"381",9267,1,1,7
"382",9268,1,1,9
"383",9269,1,1,8
"384",9270,1,1,8
"385",9271,1,1,8
"386",9272,1,1,9
"387",9273,1,1,8
"388",9274,1,1,8
"389",9275,1,1,11
"390",9276,1,1,7
"391",9277,1,1,8
"392",9278,1,1,8
"393",9279,1,1,10
"394",9280,1,1,8
"395",9281,1,1,7
"396",9282,1,1,8
"397",9283,1,1,10
"398",9284,1,1,10
"399",9285,1,1,9
"400",9286,1,1,7
"401",9287,1,1,7
"402",9288,1,1,8
"403",9289,1,1,8
"404",9290,1,1,8
"405",9291,1,1,9
"406",9292,1,1,7
"407",9293,1,1,9
"408",9294,1,1,9
"409",9295,1,1,8
"410",9296,1,1,9
"411",9297,1,1,8
"412",9298,1,1,7
"413",9299,1,1,8
"414",9300,1,1,7
"415",9301,1,1,9
"416",9302,1,1,10
"417",9303,1,1,8
"418",9304,1,1,10
"419",9305,1,1,10
"420",9306,1,1,9
"421",9307,1,1,9
"422",9308,1,1,10
"423",9309,1,1,10
"424",9310,1,1,7
"425",9311,1,1,8
"426",9312,1,1,10
"427",9313,1,1,9
"428",9314,1,1,8
"429",9315,1,1,9
"430",9316,1,1,8
"431",9317,1,1,9
"432",9318,1,1,9
"433",9319,1,1,9
"434",9320,1,1,8
"435",9321,1,1,10
"436",9322,1,1,6
"437",9323,1,1,10
"438",9324,1,1,9
"439",9325,1,1,10
"440",9326,1,1,8
"441",9327,1,1,9
"442",9328,1,1,6
"443",9329,1,1,9
"444",9330,1,1,10
"445",9331,1,1,9
"446",9332,1,1,9
"447",9333,1,1,8
"448",9334,1,1,9
"449",9335,1,1,10
"450",9336,1,1,8
"451",9337,1,1,7
"452",9338,1,1,9
"453",9339,1,1,9
"454",9340,1,1,9
"455",9341,1,1,9
"456",9342,1,1,9
"457",9343,1,1,10
"458",9344,1,1,8
"459",9345,1,1,9
"460",9346,1,1,9
"461",9347,1,1,9
"462",9348,1,1,8
"463",9349,1,1,8
"464",9350,1,1,10
"465",9351,1,1,10
"466",9352,1,1,10
"467",9353,1,1,8
"468",9354,1,1,4
"469",9355,1,1,9
"470",9356,1,1,9
"471",9357,1,1,9
"472",9358,1,1,8
"473",9359,1,1,8
"474",9360,1,1,9
"475",9361,1,1,8
"476",9362,1,1,10
"477",9363,1,1,9
"478",9364,1,1,8
"479",9365,1,1,8
"480",9366,1,1,8
"481",9367,1,1,9
"482",9368,1,1,8
"483",9369,1,1,10
"484",9370,1,1,10
"485",9371,1,1,9
"486",9372,1,1,7
"487",9373,1,1,7
"488",9374,1,1,11
"489",9375,1,1,8
"490",9376,1,1,8
"491",9377,1,1,9
"492",9378,1,1,8
"493",9379,1,1,9
"494",9380,1,1,10
"495",9381,1,1,8
"496",9382,1,1,6
"497",9383,1,1,7
"498",9384,1,1,9
"499",9385,1,1,7
"500",9386,1,1,10
"501",9387,1,1,9
"502",9388,1,1,9
"503",9389,1,1,8
"504",9390,1,1,10
"505",9391,1,1,9
"506",9392,1,1,9
"507",9393,1,1,9
"508",9394,1,1,11
"509",9395,1,1,8
"510",9396,1,1,8
"511",9397,1,1,9
"512",9398,1,1,9
"513",9399,1,1,9
"514",9400,1,1,7
"515",9401,1,1,8
"516",9402,1,1,7
"517",9403,1,1,8
"518",9404,1,1,7
"519",9405,1,1,8
"520",9406,1,1,7
"521",9407,1,1,8
"522",9408,1,1,8
"523",9409,1,1,7
"524",9410,1,1,10
"525",9411,1,1,9
"526",9412,1,1,8
"527",9413,1,1,9
"528",9414,1,1,8
"529",9415,1,1,3
"530",9416,1,1,9
"531",9417,1,1,7
"532",9418,1,1,10
"533",9419,1,1,10
"534",9420,1,1,8
"535",9421,1,1,6
"536",9422,1,1,8
"537",9423,1,1,10
"538",9424,1,1,10
"539",9425,1,1,7
"540",9426,1,1,9
"541",9427,1,1,7
"542",9428,1,1,9
"543",9429,1,1,9
"544",9430,1,1,8
"545",9431,1,1,9
"546",9432,1,1,8
"547",9433,1,1,5
"548",9434,1,1,8
"549",9435,1,1,10
"550",9436,1,1,8
"551",9437,1,1,10
"552",9438,1,1,10
"553",9439,1,1,8
"554",9440,1,1,9
"555",9441,1,1,10
"556",9442,1,1,10
"557",9443,1,1,10
"558",9444,1,1,7
"559",9445,1,1,10
"560",9446,1,1,7
"561",9447,1,1,8
"562",9448,1,1,10
"563",9449,1,1,10
"564",9450,1,1,10
"565",9451,1,1,8
"566",9452,1,1,6
"567",9453,1,1,10
"568",9454,1,1,10
"569",9455,1,1,8
"570",9456,1,1,9
"571",9457,1,1,10
"572",9458,1,1,8
"573",9459,1,1,9
"574",9460,1,1,5
"575",9461,1,1,4
"576",9462,1,1,9
"577",9463,1,1,8
"578",9464,1,1,5
"579",9465,1,1,8
"580",9466,1,1,10
"581",9467,1,1,9
"582",9468,1,1,10
"583",9469,1,1,9
"584",9470,1,1,9
"585",9471,1,1,11
"586",9472,1,1,8
"587",9473,1,1,9
"588",9474,1,1,8
"589",9475,1,1,9
"590",9476,1,1,10
"591",9477,1,1,7
"592",9478,1,1,9
"593",9479,1,1,7
"594",9480,1,1,6
"595",9481,2,1,3
"596",9482,2,1,3
"597",9483,2,1,3
"598",9484,2,1,3
"599",9485,2,1,3
"600",9486,2,1,4
"601",9487,2,1,3
"602",9488,2,1,3
"603",9489,2,1,2
"604",9490,2,1,3
"605",9491,2,1,2
"606",9492,2,1,3
"607",9493,2,1,3
"608",9494,2,1,3
"609",9495,2,1,2
"610",9496,2,1,3
"611",9497,2,1,3
"612",9498,2,1,3
"613",9499,2,1,2
"614",9500,2,1,2
"615",9501,2,1,2
"616",9502,2,1,3
"617",9503,2,1,3
"618",9504,2,1,2
"619",9505,2,1,3
"620",9506,2,1,3
"621",9507,2,1,4
"622",9508,2,1,3
"623",9509,2,1,3
"624",9510,2,1,3
"625",9511,2,1,3
"626",9512,2,1,3
"627",9513,2,1,3
"628",9514,2,1,2
"629",9515,2,1,2
"630",9516,2,1,2
"631",9517,2,1,3
"632",9518,2,1,3
"633",9519,2,1,3
"634",9520,2,1,4
"635",9521,2,1,3
"636",9522,2,1,3
"637",9523,2,1,3
"638",9524,2,1,3
"639",9525,2,1,3
"640",9526,2,1,3
"641",9527,2,1,3
"642",9528,2,1,3
"643",9529,2,1,3
"644",9530,2,1,2
"645",9531,2,1,4
"646",9532,2,1,2
"647",9533,2,1,3
"648",9534,2,1,3
"649",9535,2,1,4
"650",9536,2,1,2
"651",9537,2,1,3
"652",9538,2,1,2
"653",9539,2,1,2
"654",9540,2,1,2
"655",9541,2,1,2
"656",9542,2,1,3
"657",9543,2,1,3
"658",9544,2,1,3
"659",9545,2,1,3
"660",9546,2,1,3
"661",9547,2,1,3
"662",9548,2,1,2
"663",9549,2,1,3
"664",9550,2,1,2
"665",9551,2,1,2
"666",9552,2,1,3
"667",9553,2,1,3
"668",9554,2,1,1
"669",9555,2,1,3
"670",9556,2,1,2
"671",9557,2,1,3
"672",9558,2,1,3
"673",9559,2,1,2
"674",9560,2,1,4
"675",9561,2,1,2
"676",9562,2,1,2
"677",9563,2,1,3
"678",9564,2,1,3
"679",9565,2,1,3
"680",9566,2,1,3
"681",9567,2,1,3
"682",9568,2,1,4
"683",9569,2,1,3
"684",9570,2,1,3
"685",9571,2,1,3
"686",9572,2,1,2
"687",9573,2,1,3
"688",9574,2,1,3
"689",9575,2,1,3
"690",9576,2,1,3
"691",9577,2,1,3
"692",9578,2,1,2
"693",9579,2,1,1
"694",9580,2,1,3
"695",9581,2,1,3
"696",9582,2,1,3
"697",9583,2,1,3
"698",9584,2,1,4
"699",9585,2,1,3
"700",9586,2,1,3
"701",9587,2,1,2
"702",9588,2,1,3
"703",9589,2,1,3
"704",9590,2,1,3
"705",9591,2,1,2
"706",9592,2,1,2
"707",9593,2,1,2
"708",9594,2,1,2
"709",9595,2,1,3
"710",9596,2,1,3
"711",9597,2,1,3
"712",9598,2,1,4
"713",9599,2,1,1
"714",9600,2,1,4
"715",9601,2,1,1
"716",9602,2,1,2
"717",9603,2,1,1
"718",9604,2,1,3
"719",9605,2,1,3
"720",9606,2,1,2
"721",9607,2,1,2
"722",9608,2,1,4
"723",9609,2,1,2
"724",9610,2,1,1
"725",9611,2,1,1
"726",9612,2,1,3
"727",9613,2,1,4
"728",9614,2,1,2
"729",9615,2,1,3
"730",9616,2,1,3
"731",9617,2,1,3
"732",9618,2,1,2
"733",9619,2,1,1
"734",9620,2,1,3
"735",9621,2,1,2
"736",9622,2,1,2
"737",9623,2,1,3
"738",9624,2,1,2
"739",9625,2,1,1
"740",9626,2,1,2
"741",9627,2,1,3
"742",9628,2,1,3
"743",9629,2,1,3
"744",9630,2,1,3
"745",9631,2,1,3
"746",9632,2,1,3
"747",9633,2,1,3
"748",9634,2,1,2
"749",9635,2,1,3
"750",9636,2,1,3
"751",9637,2,1,2
"752",9638,2,1,1
"753",9639,2,1,3
"754",9640,2,1,3
"755",9641,2,1,3
"756",9642,2,1,4
"757",9643,2,1,2
"758",9644,2,1,3
"759",9645,2,1,3
"760",9646,2,1,1
"761",9647,2,1,3
"762",9648,2,1,3
"763",9649,2,1,2
"764",9650,2,1,3
"765",9651,2,1,3
"766",9652,2,1,3
"767",9653,2,1,3
"768",9654,2,1,3
"769",9655,2,1,3
"770",9656,2,1,3
"771",9657,2,1,3
"772",9658,2,1,3
"773",9659,2,1,3
"774",9660,2,1,3
"775",9661,2,1,3
"776",9662,2,1,2
"777",9663,2,1,4
"778",9664,2,1,3
"779",9665,2,1,3
"780",9666,2,1,3
"781",9667,2,1,3
"782",9668,2,1,3
"783",9669,2,1,3
"784",9670,2,1,2
"785",9671,2,1,3
"786",9672,2,1,1
"787",9673,2,1,2
"788",9674,2,1,1
"789",9675,2,1,2
"790",9676,2,1,3
"791",9677,2,1,3
"792",9678,2,1,3
"793",9679,2,1,2
"794",9680,2,1,3
"795",9681,2,1,3
"796",9682,2,1,3
"797",9683,2,1,2
"798",9684,2,1,3
"799",9685,2,1,2
"800",9686,2,1,2
"801",9687,2,1,3
"802",9688,2,1,2
"803",9689,2,1,4
"804",9690,2,1,3
"805",9691,2,1,1
"806",9692,2,1,1
"807",9693,2,1,2
"808",9694,2,1,3
"809",9695,2,1,2
"810",9696,2,1,2
"811",9697,2,1,1
"812",9698,2,1,3
"813",9699,2,1,3
"814",9700,2,1,3
"815",9701,2,1,3
"816",9702,2,1,4
"817",9703,2,1,3
"818",9704,2,1,2
"819",9705,2,1,3
"820",9706,2,1,3
"821",9707,2,1,2
"822",9708,2,1,3
"823",9709,2,1,3
"824",9710,2,1,3
"825",9711,2,1,2
"826",9712,2,1,3
"827",9713,2,1,3
"828",9714,2,1,3
"829",9715,2,1,4
"830",9716,2,1,2
"831",9717,2,1,4
"832",9718,2,1,4
"833",9719,2,1,2
"834",9720,2,1,2
"835",9721,2,1,2
"836",9722,2,1,2
"837",9723,2,1,3
"838",9724,2,1,2
"839",9725,2,1,1
"840",9726,2,1,1
"841",9727,2,1,2
"842",9728,2,1,1
"843",9729,2,1,3
"844",9730,2,1,3
"845",9731,2,1,4
"846",9732,2,1,3
"847",9733,2,1,3
"848",9734,2,1,4
"849",9735,2,1,2
"850",9736,2,1,3
"851",9737,2,1,4
"852",9738,2,1,3
"853",9739,2,1,3
"854",9740,2,1,3
"855",9741,2,1,3
"856",9742,2,1,3
"857",9743,2,1,2
"858",9744,2,1,3
"859",9745,2,1,2
"860",9746,2,1,2
"861",9747,2,1,3
"862",9748,2,1,3
"863",9749,2,1,3
"864",9750,2,1,3
"865",9751,2,1,3
"866",9752,2,1,4
"867",9753,2,1,1
"868",9754,2,1,4
"869",9755,2,1,0
"870",9756,2,1,3
"871",9757,2,1,2
"872",9758,2,1,3
"873",9759,2,1,2
"874",9760,2,1,3
"875",9761,2,1,4
"876",9762,2,1,3
"877",9763,2,1,3
"878",9764,2,1,3
"879",9765,2,1,4
"880",9766,2,1,3
"881",9767,2,1,2
"882",9768,2,1,3
"883",9769,2,1,3
"884",9770,2,1,4
"885",9771,2,1,3
"886",9772,2,1,2
"887",9773,2,1,3
"888",9774,2,1,2
"889",9775,2,1,2
"890",9776,2,1,2
"891",9777,2,1,3
"892",9778,2,1,3
"893",9779,2,1,4
"894",9780,2,1,2
"895",9781,2,1,3
"896",9782,2,1,3
"897",9783,2,1,3
"898",9784,2,1,2
"899",9785,2,1,2
"900",9786,2,1,3
"901",9787,2,1,4
"902",9788,2,1,3
"903",9789,2,1,3
"904",9790,2,1,4
"905",9791,2,1,2
"906",9792,2,1,2
"907",9793,2,1,3
"908",9794,2,1,2
"909",9795,2,1,3
"910",9796,2,1,3
"911",9797,2,1,3
"912",9798,2,1,3
"913",9799,2,1,3
"914",9800,2,1,3
"915",9801,2,1,2
"916",9802,2,1,2
"917",9803,2,1,3
"918",9804,2,1,2
"919",9805,2,1,4
"920",9806,2,1,3
"921",9807,2,1,4
"922",9808,2,1,3
"923",9809,2,1,3
"924",9810,2,1,4
"925",9811,2,1,3
"926",9812,2,1,3
"927",9813,2,1,2
"928",9814,2,1,2
"929",9815,2,1,3
"930",9816,2,1,3
"931",9817,2,1,3
"932",9818,2,1,3
"933",9819,2,1,3
"934",9820,2,1,2
"935",9821,2,1,2
"936",9822,2,1,3
"937",9823,2,1,1
"938",9824,2,1,1
"939",9825,2,1,3
"940",9826,2,1,3
"941",9827,2,1,2
"942",9828,2,1,3
"943",9829,2,1,3
"944",9830,2,1,3
"945",9831,2,1,3
"946",9832,2,1,3
"947",9833,2,1,2
"948",9834,2,1,3
"949",9835,2,1,1
"950",9836,2,1,2
"951",9837,2,1,4
"952",9838,2,1,2
"953",9839,2,1,2
"954",9840,2,1,3
"955",9841,2,1,3
"956",9842,2,1,4
"957",9843,2,1,3
"958",9844,2,1,2
"959",9845,2,1,3
"960",9846,2,1,3
"961",9847,2,1,4
"962",9848,2,1,3
"963",9849,2,1,2
"964",9850,2,1,3
"965",9851,2,1,4
"966",9852,2,1,3
"967",9853,2,1,2
"968",9854,2,1,1
"969",9855,2,1,3
"970",9856,2,1,1
"971",9857,2,1,3
"972",9858,2,1,4
"973",9859,2,1,4
"974",9860,2,1,3
"975",9861,2,1,2
"976",9862,2,1,1
"977",9863,2,1,1
"978",9864,2,1,2
"979",9865,2,1,1
"980",9866,2,1,3
"981",9867,2,1,2
"982",9868,2,1,3
"983",9869,2,1,2
"984",9870,2,1,3
"985",9871,2,1,3
"986",9872,2,1,3
"987",9873,2,1,2
"988",9874,2,1,3
"989",9875,2,1,3
"990",9876,2,1,1
"991",9877,2,1,3
"992",9878,2,1,0
"993",9879,2,1,1
"994",9880,2,1,4
"995",9881,2,1,3
"996",9882,2,1,4
"997",9883,2,1,3
"998",9884,2,1,3
"999",9885,2,1,4
"1000",9886,2,1,3
"1001",9887,2,1,3
"1002",9888,2,1,3
"1003",9889,2,1,3
"1004",9890,2,1,3
"1005",9891,2,1,3
"1006",9892,2,1,2
"1007",9893,2,1,3
"1008",9894,2,1,3
"1009",9895,2,1,2
"1010",9896,2,1,3
"1011",9897,2,1,2
"1012",9898,2,1,3
"1013",9899,2,1,2
"1014",9900,2,1,3
"1015",9901,2,1,3
"1016",9902,2,1,3
"1017",9903,2,1,3
"1018",9904,2,1,2
"1019",9905,2,1,3
"1020",9906,2,1,1
"1021",9907,2,1,3
"1022",9908,2,1,3
"1023",9909,2,1,2
"1024",9910,2,1,3
"1025",9911,2,1,3
"1026",9912,2,1,1
"1027",9913,2,1,3
"1028",9914,2,1,3
"1029",9915,2,1,3
"1030",9916,2,1,3
"1031",9917,2,1,3
"1032",9918,2,1,3
"1033",9919,2,1,3
"1034",9920,2,1,3
"1035",9921,2,1,3
"1036",9922,2,1,1
"1037",9923,2,1,3
"1038",9924,2,1,4
"1039",9925,2,1,1
"1040",9926,2,1,4
"1041",9927,2,1,3
"1042",9928,2,1,2
"1043",9929,2,1,3
"1044",9930,2,1,3
"1045",9931,2,1,1
"1046",9932,2,1,3
"1047",9933,2,1,4
"1048",9934,2,1,3
"1049",9935,2,1,3
"1050",9936,2,1,2
"1051",9937,2,1,3
"1052",9938,2,1,3
"1053",9939,2,1,4
"1054",9940,2,1,3
"1055",9941,2,1,3
"1056",9942,2,1,4
"1057",9943,2,1,3
"1058",9944,2,1,3
"1059",9945,2,1,3
"1060",9946,2,1,3
"1061",9947,2,1,4
"1062",9948,2,1,2
"1063",9949,2,1,2
"1064",9950,2,1,3
"1065",9951,2,1,3
"1066",9952,2,1,3
"1067",9953,2,1,2
"1068",9954,2,1,4
"1069",9955,2,1,3
"1070",9956,2,1,2
"1071",9957,2,1,2
"1072",9958,2,1,3
"1073",9959,2,1,3
"1074",9960,2,1,4
"1075",9961,2,1,3
"1076",9962,2,1,3
"1077",9963,2,1,3
"1078",9964,2,1,1
"1079",9965,2,1,3
"1080",9966,2,1,3
"1081",9967,2,1,3
"1082",9968,2,1,4
"1083",9969,2,1,2
"1084",9970,2,1,2
"1085",9971,2,1,4
"1086",9972,2,1,1
"1087",9973,2,1,4
"1088",9974,2,1,3
"1089",9975,2,1,3
"1090",9976,2,1,3
"1091",9977,2,1,2
"1092",9978,2,1,3
"1093",9979,2,1,3
"1094",9980,2,1,2
"1095",9981,2,1,3
"1096",9982,2,1,3
"1097",9983,2,1,4
"1098",9984,2,1,3
"1099",9985,2,1,3
"1100",9986,2,1,3
"1101",9987,2,1,4
"1102",9988,2,1,1
"1103",9989,2,1,3
"1104",9990,2,1,2
"1105",9991,2,1,3
"1106",9992,2,1,3
"1107",9993,2,1,2
"1108",9994,2,1,2
"1109",9995,2,1,2
"1110",9996,2,1,2
"1111",9997,2,1,2
"1112",9998,2,1,2
"1113",9999,2,1,3
"1114",10000,2,1,2
"1115",10001,2,1,2
"1116",10002,2,1,2
"1117",10003,2,1,3
"1118",10004,2,1,3
"1119",10005,2,1,2
"1120",10006,2,1,2
"1121",10007,2,1,1
"1122",10008,2,1,3
"1123",10009,2,1,3
"1124",10010,2,1,2
"1125",10011,2,1,3
"1126",10012,2,1,2
"1127",10013,2,1,3
"1128",10014,2,1,2
"1129",10015,2,1,3
"1130",10016,2,1,2
"1131",10017,2,1,2
"1132",10018,2,1,3
"1133",10019,2,1,2
"1134",10020,2,1,3
"1135",10021,2,1,2
"1136",10022,2,1,3
"1137",10023,2,1,1
"1138",10024,2,1,2
"1139",10025,2,1,3
"1140",10026,2,1,3
"1141",10027,2,1,1
"1142",10028,2,1,3
"1143",10029,2,1,3
"1144",10030,2,1,1
"1145",10031,2,1,3
"1146",10032,2,1,2
"1147",10033,2,1,3
"1148",10034,2,1,3
"1149",10035,2,1,3
"1150",10036,2,1,3
"1151",10037,2,1,3
"1152",10038,2,1,2
"1153",10039,2,1,3
"1154",10040,2,1,3
"1155",10041,2,1,2
"1156",10042,2,1,2
"1157",10043,2,1,2
"1158",10044,2,1,3
"1159",10045,2,1,3
"1160",10046,2,1,3
"1161",10047,2,1,2
"1162",10048,2,1,3
"1163",10049,2,1,4
"1164",10050,2,1,2
"1165",10051,2,1,2
"1166",10052,2,1,3
"1167",10053,2,1,3
"1168",10054,2,1,2
"1169",10055,2,1,2
"1170",10056,2,1,2
"1171",10057,2,1,3
"1172",10058,2,1,3
"1173",10059,2,1,2
"1174",10060,2,1,3
"1175",10061,2,1,4
"1176",10062,2,1,3
"1177",10063,2,1,3
"1178",10064,2,1,2
"1179",10065,2,1,3
"1180",10066,2,1,2
"1181",10067,2,1,3
"1182",10068,2,1,3
"1183",10069,2,1,3
"1184",10070,2,1,2
"1185",10071,2,1,2
"1186",10072,2,1,2
"1187",10073,2,1,3
"1188",10074,2,1,2
"1189",10075,2,1,1
"1190",10076,2,1,2
"1191",10077,2,1,2
"1192",10078,2,1,3
"1193",10079,2,1,3
"1194",10080,2,1,2
"1195",10081,3,1,3
"1196",10082,3,1,3
"1197",10083,3,1,2
"1198",10084,3,1,1
"1199",10085,3,1,1
"1200",10086,3,1,1
"1201",10087,3,1,3
"1202",10088,3,1,1
"1203",10089,3,1,2
"1204",10090,3,1,1
"1205",10091,3,1,1
"1206",10092,3,1,3
"1207",10093,3,1,2
"1208",10094,3,1,1
"1209",10095,3,1,2
"1210",10096,3,1,2
"1211",10097,3,1,1
"1212",10098,3,1,2
"1213",10099,3,1,2
"1214",10100,3,1,2
"1215",10101,3,1,1
"1216",10102,3,1,3
"1217",10103,3,1,2
"1218",10104,3,1,2
"1219",10105,3,1,1
"1220",10106,3,1,2
"1221",10107,3,1,1
"1222",10108,3,1,1
"1223",10109,3,1,1
"1224",10110,3,1,2
"1225",10111,3,1,1
"1226",10112,3,1,2
"1227",10113,3,1,3
"1228",10114,3,1,3
"1229",10115,3,1,2
"1230",10116,3,1,2
"1231",10117,3,1,1
"1232",10118,3,1,2
"1233",10119,3,1,1
"1234",10120,3,1,3
"1235",10121,3,1,2
"1236",10122,3,1,3
"1237",10123,3,1,1
"1238",10124,3,1,1
"1239",10125,3,1,2
"1240",10126,3,1,1
"1241",10127,3,1,2
"1242",10128,3,1,2
"1243",10129,3,1,2
"1244",10130,3,1,1
"1245",10131,3,1,1
"1246",10132,3,1,2
"1247",10133,3,1,1
"1248",10134,3,1,0
"1249",10135,3,1,3
"1250",10136,3,1,2
"1251",10137,3,1,1
"1252",10138,3,1,2
"1253",10139,3,1,2
"1254",10140,3,1,2
"1255",10141,3,1,2
"1256",10142,3,1,2
"1257",10143,3,1,1
"1258",10144,3,1,2
"1259",10145,3,1,1
"1260",10146,3,1,1
"1261",10147,3,1,1
"1262",10148,3,1,1
"1263",10149,3,1,3
"1264",10150,3,1,2
"1265",10151,3,1,3
"1266",10152,3,1,3
"1267",10153,3,1,2
"1268",10154,3,1,2
"1269",10155,3,1,2
"1270",10156,3,1,2
"1271",10157,3,1,3
"1272",10158,3,1,2
"1273",10159,3,1,2
"1274",10160,3,1,1
"1275",10161,3,1,1
"1276",10162,3,1,3
"1277",10163,3,1,1
"1278",10164,3,1,1
"1279",10165,3,1,2
"1280",10166,3,1,3
"1281",10167,3,1,3
"1282",10168,3,1,2
"1283",10169,3,1,1
"1284",10170,3,1,2
"1285",10171,3,1,3
"1286",10172,3,1,1
"1287",10173,3,1,2
"1288",10174,3,1,2
"1289",10175,3,1,3
"1290",10176,3,1,2
"1291",10177,3,1,1
"1292",10178,3,1,2
"1293",10179,3,1,2
"1294",10180,3,1,2
"1295",10181,3,1,3
"1296",10182,3,1,1
"1297",10183,3,1,3
"1298",10184,3,1,2
"1299",10185,3,1,1
"1300",10186,3,1,1
"1301",10187,3,1,3
"1302",10188,3,1,1
"1303",10189,3,1,2
"1304",10190,3,1,2
"1305",10191,3,1,2
"1306",10192,3,1,2
"1307",10193,3,1,1
"1308",10194,3,1,1
"1309",10195,3,1,2
"1310",10196,3,1,2
"1311",10197,3,1,2
"1312",10198,3,1,2
"1313",10199,3,1,2
"1314",10200,3,1,1
"1315",10201,3,1,3
"1316",10202,3,1,1
"1317",10203,3,1,2
"1318",10204,3,1,2
"1319",10205,3,1,2
"1320",10206,3,1,1
"1321",10207,3,1,1
"1322",10208,3,1,2
"1323",10209,3,1,1
"1324",10210,3,1,2
"1325",10211,3,1,3
"1326",10212,3,1,1
"1327",10213,3,1,1
"1328",10214,3,1,1
"1329",10215,3,1,2
"1330",10216,3,1,2
"1331",10217,3,1,2
"1332",10218,3,1,2
"1333",10219,3,1,2
"1334",10220,3,1,2
"1335",10221,3,1,3
"1336",10222,3,1,1
"1337",10223,3,1,1
"1338",10224,3,1,1
"1339",10225,3,1,2
"1340",10226,3,1,2
"1341",10227,3,1,2
"1342",10228,3,1,3
"1343",10229,3,1,1
"1344",10230,3,1,3
"1345",10231,3,1,1
"1346",10232,3,1,1
"1347",10233,3,1,3
"1348",10234,3,1,1
"1349",10235,3,1,3
"1350",10236,3,1,2
"1351",10237,3,1,2
"1352",10238,3,1,1
"1353",10239,3,1,2
"1354",10240,3,1,3
"1355",10241,3,1,2
"1356",10242,3,1,3
"1357",10243,3,1,2
"1358",10244,3,1,2
"1359",10245,3,1,3
"1360",10246,3,1,1
"1361",10247,3,1,3
"1362",10248,3,1,1
"1363",10249,3,1,2
"1364",10250,3,1,2
"1365",10251,3,1,2
"1366",10252,3,1,2
"1367",10253,3,1,2
"1368",10254,3,1,2
"1369",10255,3,1,1
"1370",10256,3,1,2
"1371",10257,3,1,3
"1372",10258,3,1,1
"1373",10259,3,1,3
"1374",10260,3,1,1
"1375",10261,3,1,3
"1376",10262,3,1,2
"1377",10263,3,1,2
"1378",10264,3,1,2
"1379",10265,3,1,1
"1380",10266,3,1,3
"1381",10267,3,1,3
"1382",10268,3,1,1
"1383",10269,3,1,1
"1384",10270,3,1,3
"1385",10271,3,1,3
"1386",10272,3,1,3
"1387",10273,3,1,3
"1388",10274,3,1,1
"1389",10275,3,1,2
"1390",10276,3,1,2
"1391",10277,3,1,1
"1392",10278,3,1,1
"1393",10279,3,1,1
"1394",10280,3,1,2
"1395",10281,3,1,2
"1396",10282,3,1,3
"1397",10283,3,1,2
"1398",10284,3,1,2
"1399",10285,3,1,3
"1400",10286,3,1,2
"1401",10287,3,1,2
"1402",10288,3,1,2
"1403",10289,3,1,2
"1404",10290,3,1,2
"1405",10291,3,1,1
"1406",10292,3,1,2
"1407",10293,3,1,1
"1408",10294,3,1,2
"1409",10295,3,1,1
"1410",10296,3,1,2
"1411",10297,3,1,2
"1412",10298,3,1,2
"1413",10299,3,1,2
"1414",10300,3,1,2
"1415",10301,3,1,1
"1416",10302,3,1,2
"1417",10303,3,1,2
"1418",10304,3,1,2
"1419",10305,3,1,2
"1420",10306,3,1,2
"1421",10307,3,1,1
"1422",10308,3,1,1
"1423",10309,3,1,2
"1424",10310,3,1,2
"1425",10311,3,1,1
"1426",10312,3,1,2
"1427",10313,3,1,3
"1428",10314,3,1,2
"1429",10315,3,1,2
"1430",10316,3,1,1
"1431",10317,3,1,2
"1432",10318,3,1,1
"1433",10319,3,1,1
"1434",10320,3,1,1
"1435",10321,3,1,1
"1436",10322,3,1,3
"1437",10323,3,1,2
"1438",10324,3,1,1
"1439",10325,3,1,1
"1440",10326,3,1,2
"1441",10327,3,1,1
"1442",10328,3,1,2
"1443",10329,3,1,3
"1444",10330,3,1,3
"1445",10331,3,1,3
"1446",10332,3,1,1
"1447",10333,3,1,1
"1448",10334,3,1,2
"1449",10335,3,1,2
"1450",10336,3,1,1
"1451",10337,3,1,1
"1452",10338,3,1,2
"1453",10339,3,1,2
"1454",10340,3,1,3
"1455",10341,3,1,2
"1456",10342,3,1,1
"1457",10343,3,1,2
"1458",10344,3,1,2
"1459",10345,3,1,1
"1460",10346,3,1,1
"1461",10347,3,1,1
"1462",10348,3,1,2
"1463",10349,3,1,2
"1464",10350,3,1,2
"1465",10351,3,1,2
"1466",10352,3,1,2
"1467",10353,3,1,1
"1468",10354,3,1,2
"1469",10355,3,1,1
"1470",10356,3,1,2
"1471",10357,3,1,2
"1472",10358,3,1,1
"1473",10359,3,1,3
"1474",10360,3,1,3
"1475",10361,3,1,1
"1476",10362,3,1,3
"1477",10363,3,1,2
"1478",10364,3,1,1
"1479",10365,3,1,3
"1480",10366,3,1,2
"1481",10367,3,1,3
"1482",10368,3,1,2
"1483",10369,3,1,2
"1484",10370,3,1,2
"1485",10371,3,1,2
"1486",10372,3,1,1
"1487",10373,3,1,1
"1488",10374,3,1,2
"1489",10375,3,1,3
"1490",10376,3,1,3
"1491",10377,3,1,2
"1492",10378,3,1,3
"1493",10379,3,1,1
"1494",10380,3,1,2
"1495",10381,3,1,1
"1496",10382,3,1,2
"1497",10383,3,1,2
"1498",10384,3,1,1
"1499",10385,3,1,1
"1500",10386,3,1,1
"1501",10387,3,1,2
"1502",10388,3,1,2
"1503",10389,3,1,2
"1504",10390,3,1,1
"1505",10391,3,1,2
"1506",10392,3,1,1
"1507",10393,3,1,3
"1508",10394,3,1,2
"1509",10395,3,1,2
"1510",10396,3,1,3
"1511",10397,3,1,2
"1512",10398,3,1,2
"1513",10399,3,1,2
"1514",10400,3,1,1
"1515",10401,3,1,2
"1516",10402,3,1,1
"1517",10403,3,1,3
"1518",10404,3,1,3
"1519",10405,3,1,3
"1520",10406,3,1,2
"1521",10407,3,1,3
"1522",10408,3,1,1
"1523",10409,3,1,2
"1524",10410,3,1,2
"1525",10411,3,1,2
"1526",10412,3,1,1
"1527",10413,3,1,3
"1528",10414,3,1,2
"1529",10415,3,1,1
"1530",10416,3,1,2
"1531",10417,3,1,1
"1532",10418,3,1,2
"1533",10419,3,1,2
"1534",10420,3,1,2
"1535",10421,3,1,2
"1536",10422,3,1,1
"1537",10423,3,1,3
"1538",10424,3,1,2
"1539",10425,3,1,2
"1540",10426,3,1,2
"1541",10427,3,1,1
"1542",10428,3,1,2
"1543",10429,3,1,1
"1544",10430,3,1,2
"1545",10431,3,1,3
"1546",10432,3,1,2
"1547",10433,3,1,2
"1548",10434,3,1,2
"1549",10435,3,1,1
"1550",10436,3,1,3
"1551",10437,3,1,2
"1552",10438,3,1,1
"1553",10439,3,1,3
"1554",10440,3,1,2
"1555",10441,3,1,2
"1556",10442,3,1,2
"1557",10443,3,1,2
"1558",10444,3,1,2
"1559",10445,3,1,1
"1560",10446,3,1,1
"1561",10447,3,1,2
"1562",10448,3,1,2
"1563",10449,3,1,2
"1564",10450,3,1,1
"1565",10451,3,1,1
"1566",10452,3,1,1
"1567",10453,3,1,2
"1568",10454,3,1,2
"1569",10455,3,1,2
"1570",10456,3,1,3
"1571",10457,3,1,2
"1572",10458,3,1,1
"1573",10459,3,1,2
"1574",10460,3,1,3
"1575",10461,3,1,2
"1576",10462,3,1,1
"1577",10463,3,1,2
"1578",10464,3,1,2
"1579",10465,3,1,3
"1580",10466,3,1,3
"1581",10467,3,1,3
"1582",10468,3,1,3
"1583",10469,3,1,1
"1584",10470,3,1,3
"1585",10471,3,1,2
"1586",10472,3,1,2
"1587",10473,3,1,3
"1588",10474,3,1,2
"1589",10475,3,1,3
"1590",10476,3,1,1
"1591",10477,3,1,3
"1592",10478,3,1,1
"1593",10479,3,1,1
"1594",10480,3,1,2
"1595",10481,3,1,2
"1596",10482,3,1,3
"1597",10483,3,1,2
"1598",10484,3,1,2
"1599",10485,3,1,1
"1600",10486,3,1,2
"1601",10487,3,1,2
"1602",10488,3,1,3
"1603",10489,3,1,1
"1604",10490,3,1,1
"1605",10491,3,1,2
"1606",10492,3,1,2
"1607",10493,3,1,2
"1608",10494,3,1,2
"1609",10495,3,1,2
"1610",10496,3,1,2
"1611",10497,3,1,2
"1612",10498,3,1,1
"1613",10499,3,1,2
"1614",10500,3,1,2
"1615",10501,3,1,1
"1616",10502,3,1,1
"1617",10503,3,1,1
"1618",10504,3,1,1
"1619",10505,3,1,1
"1620",10506,3,1,2
"1621",10507,3,1,2
"1622",10508,3,1,2
"1623",10509,3,1,1
"1624",10510,3,1,1
"1625",10511,3,1,1
"1626",10512,3,1,2
"1627",10513,3,1,1
"1628",10514,3,1,2
"1629",10515,3,1,1
"1630",10516,3,1,3
"1631",10517,3,1,2
"1632",10518,3,1,1
"1633",10519,3,1,1
"1634",10520,3,1,1
"1635",10521,3,1,3
"1636",10522,3,1,3
"1637",10523,3,1,2
"1638",10524,3,1,2
"1639",10525,3,1,2
"1640",10526,3,1,2
"1641",10527,3,1,1
"1642",10528,3,1,1
"1643",10529,3,1,1
"1644",10530,3,1,2
"1645",10531,3,1,1
"1646",10532,3,1,3
"1647",10533,3,1,2
"1648",10534,3,1,2
"1649",10535,3,1,1
"1650",10536,3,1,2
"1651",10537,3,1,2
"1652",10538,3,1,2
"1653",10539,3,1,1
"1654",10540,3,1,1
"1655",10541,3,1,2
"1656",10542,3,1,2
"1657",10543,3,1,3
"1658",10544,3,1,3
"1659",10545,3,1,1
"1660",10546,3,1,1
"1661",10547,3,1,2
"1662",10548,3,1,2
"1663",10549,3,1,2
"1664",10550,3,1,2
"1665",10551,3,1,3
"1666",10552,3,1,2
"1667",10553,3,1,1
"1668",10554,3,1,2
"1669",10555,3,1,2
"1670",10556,3,1,2
"1671",10557,3,1,2
"1672",10558,3,1,1
"1673",10559,3,1,2
"1674",10560,3,1,2
"1675",10561,3,1,2
"1676",10562,3,1,2
"1677",10563,3,1,2
"1678",10564,3,1,1
"1679",10565,3,1,2
"1680",10566,3,1,1
"1681",10567,3,1,1
"1682",10568,3,1,2
"1683",10569,3,1,3
"1684",10570,3,1,1
"1685",10571,3,1,1
"1686",10572,3,1,1
"1687",10573,3,1,2
"1688",10574,3,1,2
"1689",10575,3,1,1
"1690",10576,3,1,1
"1691",10577,3,1,2
"1692",10578,3,1,1
"1693",10579,3,1,2
"1694",10580,3,1,1
"1695",10581,3,1,2
"1696",10582,3,1,1
"1697",10583,3,1,1
"1698",10584,3,1,2
"1699",10585,3,1,1
"1700",10586,3,1,1
"1701",10587,3,1,2
"1702",10588,3,1,1
"1703",10589,3,1,3
"1704",10590,3,1,1
"1705",10591,3,1,1
"1706",10592,3,1,2
"1707",10593,3,1,2
"1708",10594,3,1,2
"1709",10595,3,1,1
"1710",10596,3,1,3
"1711",10597,3,1,1
"1712",10598,3,1,2
"1713",10599,3,1,1
"1714",10600,3,1,3
"1715",10601,3,1,3
"1716",10602,3,1,2
"1717",10603,3,1,2
"1718",10604,3,1,3
"1719",10605,3,1,1
"1720",10606,3,1,1
"1721",10607,3,1,3
"1722",10608,3,1,1
"1723",10609,3,1,2
"1724",10610,3,1,2
"1725",10611,3,1,1
"1726",10612,3,1,1
"1727",10613,3,1,1
"1728",10614,3,1,3
"1729",10615,3,1,1
"1730",10616,3,1,3
"1731",10617,3,1,2
"1732",10618,3,1,2
"1733",10619,3,1,1
"1734",10620,3,1,2
"1735",10621,3,1,1
"1736",10622,3,1,2
"1737",10623,3,1,2
"1738",10624,3,1,2
"1739",10625,3,1,1
"1740",10626,3,1,3
"1741",10627,3,1,2
"1742",10628,3,1,2
"1743",10629,3,1,2
"1744",10630,3,1,1
"1745",10631,3,1,1
"1746",10632,3,1,2
"1747",10633,3,1,3
"1748",10634,3,1,1
"1749",10635,3,1,2
"1750",10636,3,1,2
"1751",10637,3,1,1
"1752",10638,3,1,2
"1753",10639,3,1,2
"1754",10640,3,1,2
"1755",10641,3,1,1
"1756",10642,3,1,2
"1757",10643,3,1,1
"1758",10644,3,1,2
"1759",10645,4,1,1
"1760",10646,4,1,2
"1761",10647,4,1,1
"1762",10648,4,1,1
"1763",10649,4,1,3
"1764",10650,4,1,2
"1765",10651,4,1,2
"1766",10652,4,1,3
"1767",10653,4,1,2
"1768",10654,4,1,2
"1769",10655,4,1,2
"1770",10656,4,1,2
"1771",10657,4,1,2
"1772",10658,4,1,1
"1773",10659,4,1,1
"1774",10660,4,1,2
"1775",10661,4,1,0
"1776",10662,4,1,1
"1777",10663,4,1,3
"1778",10664,4,1,3
"1779",10665,4,1,3
"1780",10666,4,1,0
"1781",10667,4,1,1
"1782",10668,4,1,0
"1783",10669,4,1,3
"1784",10670,4,1,2
"1785",10671,4,1,1
"1786",10672,4,1,2
"1787",10673,4,1,2
"1788",10674,4,1,2
"1789",10675,4,1,2
"1790",10676,4,1,3
"1791",10677,4,1,1
"1792",10678,4,1,1
"1793",10679,4,1,2
"1794",10680,4,1,2
"1795",10681,4,1,2
"1796",10682,4,1,1
"1797",10683,4,1,2
"1798",10684,4,1,2
"1799",10685,4,1,2
"1800",10686,4,1,1
"1801",10687,4,1,1
"1802",10688,4,1,1
"1803",10689,4,1,0
"1804",10690,4,1,2
"1805",10691,4,1,1
"1806",10692,4,1,3
"1807",10693,4,1,3
"1808",10694,4,1,3
"1809",10695,4,1,1
"1810",10696,4,1,0
"1811",10697,4,1,2
"1812",10698,4,1,2
"1813",10699,4,1,1
"1814",10700,4,1,3
"1815",10701,4,1,1
"1816",10702,4,1,1
"1817",10703,4,1,1
"1818",10704,4,1,1
"1819",10705,4,1,1
"1820",10706,4,1,1
"1821",10707,4,1,0
"1822",10708,4,1,0
"1823",10709,4,1,2
"1824",10710,4,1,3
"1825",10711,4,1,2
"1826",10712,4,1,1
"1827",10713,4,1,2
"1828",10714,4,1,1
"1829",10715,4,1,2
"1830",10716,4,1,2
"1831",10717,4,1,1
"1832",10718,4,1,0
"1833",10719,4,1,2
"1834",10720,4,1,1
"1835",10721,4,1,1
"1836",10722,4,1,1
"1837",10723,4,1,1
"1838",10724,4,1,1
"1839",10725,4,1,3
"1840",10726,4,1,1
"1841",10727,4,1,1
"1842",10728,4,1,2
"1843",10729,4,1,1
"1844",10730,4,1,3
"1845",10731,4,1,2
"1846",10732,4,1,2
"1847",10733,4,1,1
"1848",10734,4,1,3
"1849",10735,4,1,2
"1850",10736,4,1,2
"1851",10737,4,1,1
"1852",10738,4,1,1
"1853",10739,4,1,0
"1854",10740,4,1,1
"1855",10741,4,1,2
"1856",10742,4,1,1
"1857",10743,4,1,2
"1858",10744,4,1,3
"1859",10745,4,1,2
"1860",10746,4,1,2
"1861",10747,4,1,2
"1862",10748,4,1,2
"1863",10749,4,1,2
"1864",10750,4,1,1
"1865",10751,4,1,1
"1866",10752,4,1,2
"1867",10753,4,1,3
"1868",10754,4,1,2
"1869",10755,4,1,1
"1870",10756,4,1,1
"1871",10757,4,1,1
"1872",10758,4,1,2
"1873",10759,4,1,0
"1874",10760,4,1,2
"1875",10761,4,1,2
"1876",10762,4,1,2
"1877",10763,4,1,1
"1878",10764,4,1,3
"1879",10765,4,1,1
"1880",10766,4,1,2
"1881",10767,4,1,1
"1882",10768,4,1,2
"1883",10769,4,1,1
"1884",10770,4,1,3
"1885",10771,4,1,2
"1886",10772,4,1,2
"1887",10773,4,1,1
"1888",10774,4,1,2
"1889",10775,4,1,1
"1890",10776,4,1,1
"1891",10777,4,1,1
"1892",10778,4,1,2
"1893",10779,4,1,3
"1894",10780,4,1,2
"1895",10781,4,1,2
"1896",10782,4,1,0
"1897",10783,4,1,2
"1898",10784,4,1,1
"1899",10785,4,1,1
"1900",10786,4,1,1
"1901",10787,4,1,1
"1902",10788,4,1,1
"1903",10789,4,1,2
"1904",10790,4,1,1
"1905",10791,4,1,1
"1906",10792,4,1,3
"1907",10793,4,1,3
"1908",10794,4,1,2
"1909",10795,4,1,2
"1910",10796,4,1,1
"1911",10797,4,1,2
"1912",10798,4,1,2
"1913",10799,4,1,2
"1914",10800,4,1,2
"1915",10801,4,1,3
"1916",10802,4,1,0
"1917",10803,4,1,1
"1918",10804,4,1,1
"1919",10805,4,1,2
"1920",10806,4,1,1
"1921",10807,4,1,2
"1922",10808,4,1,3
"1923",10809,4,1,1
"1924",10810,4,1,1
"1925",10811,4,1,0
"1926",10812,4,1,3
"1927",10813,4,1,3
"1928",10814,4,1,0
"1929",10815,4,1,1
"1930",10816,4,1,3
"1931",10817,4,1,1
"1932",10818,4,1,2
"1933",10819,4,1,0
"1934",10820,4,1,2
"1935",10821,4,1,2
"1936",10822,4,1,3
"1937",10823,4,1,0
"1938",10824,4,1,3
"1939",10825,4,1,1
"1940",10826,4,1,1
"1941",10827,4,1,2
"1942",10828,4,1,1
"1943",10829,4,1,2
"1944",10830,4,1,1
"1945",10831,4,1,2
"1946",10832,4,1,1
"1947",10833,4,1,1
"1948",10834,4,1,1
"1949",10835,4,1,1
"1950",10836,4,1,2
"1951",10837,4,1,2
"1952",10838,4,1,0
"1953",10839,4,1,2
"1954",10840,4,1,2
"1955",10841,4,1,2
"1956",10842,4,1,3
"1957",10843,4,1,2
"1958",10844,4,1,2
"1959",10845,4,1,2
"1960",10846,4,1,1
"1961",10847,4,1,1
"1962",10848,4,1,2
"1963",10849,4,1,1
"1964",10850,4,1,2
"1965",10851,4,1,1
"1966",10852,4,1,1
"1967",10853,4,1,1
"1968",10854,4,1,1
"1969",10855,4,1,3
"1970",10856,4,1,2
"1971",10857,4,1,3
"1972",10858,4,1,1
"1973",10859,4,1,2
"1974",10860,4,1,1
"1975",10861,4,1,2
"1976",10862,4,1,2
"1977",10863,4,1,1
"1978",10864,4,1,1
"1979",10865,4,1,3
"1980",10866,4,1,1
"1981",10867,4,1,2
"1982",10868,4,1,1
"1983",10869,4,1,2
"1984",10870,4,1,1
"1985",10871,4,1,3
"1986",10872,4,1,1
"1987",10873,4,1,1
"1988",10874,4,1,1
"1989",10875,4,1,2
"1990",10876,4,1,2
"1991",10877,4,1,1
"1992",10878,4,1,1
"1993",10879,4,1,3
"1994",10880,4,1,1
"1995",10881,4,1,1
"1996",10882,4,1,1
"1997",10883,4,1,1
"1998",10884,4,1,1
"1999",10885,4,1,3
"2000",10886,4,1,2
"2001",10887,4,1,1
"2002",10888,4,1,1
"2003",10889,4,1,1
"2004",10890,4,1,2
"2005",10891,4,1,2
"2006",10892,4,1,3
"2007",10893,4,1,0
"2008",10894,4,1,0
"2009",10895,4,1,2
"2010",10896,4,1,0
"2011",10897,4,1,2
"2012",10898,4,1,2
"2013",10899,4,1,2
"2014",10900,4,1,1
"2015",10901,4,1,1
"2016",10902,4,1,1
"2017",10903,4,1,2
"2018",10904,4,1,1
"2019",10905,4,1,1
"2020",10906,4,1,1
"2021",10907,4,1,1
"2022",10908,4,1,2
"2023",10909,4,1,1
"2024",10910,4,1,2
"2025",10911,4,1,1
"2026",10912,4,1,2
"2027",10913,4,1,3
"2028",10914,4,1,0
"2029",10915,4,1,0
"2030",10916,4,1,2
"2031",10917,4,1,2
"2032",10918,4,1,2
"2033",10919,4,1,3
"2034",10920,4,1,1
"2035",10921,4,1,2
"2036",10922,4,1,1
"2037",10923,4,1,1
"2038",10924,4,1,1
"2039",10925,4,1,1
"2040",10926,4,1,2
"2041",10927,4,1,1
"2042",10928,4,1,2
"2043",10929,4,1,3
"2044",10930,4,1,1
"2045",10931,4,1,1
"2046",10932,4,1,0
"2047",10933,4,1,2
"2048",10934,4,1,0
"2049",10935,4,1,2
"2050",10936,4,1,2
"2051",10937,4,1,3
"2052",10938,4,1,1
"2053",10939,4,1,1
"2054",10940,4,1,2
"2055",10941,4,1,0
"2056",10942,4,1,2
"2057",10943,4,1,0
"2058",10944,4,1,2
"2059",10945,4,1,1
"2060",10946,4,1,1
"2061",10947,4,1,1
"2062",10948,4,1,1
"2063",10949,4,1,0
"2064",10950,4,1,2
"2065",10951,4,1,1
"2066",10952,4,1,2
"2067",10953,4,1,1
"2068",10954,4,1,2
"2069",10955,4,1,2
"2070",10956,4,1,1
"2071",10957,4,1,1
"2072",10958,4,1,1
"2073",10959,4,1,0
"2074",10960,4,1,2
"2075",10961,4,1,1
"2076",10962,4,1,1
"2077",10963,4,1,1
"2078",10964,4,1,2
"2079",10965,4,1,1
"2080",10966,4,1,2
"2081",10967,4,1,1
"2082",10968,4,1,1
"2083",10969,4,1,1
"2084",10970,4,1,1
"2085",10971,4,1,1
"2086",10972,4,1,1
"2087",10973,4,1,2
"2088",10974,4,1,3
"2089",10975,4,1,1
"2090",10976,4,1,2
"2091",10977,4,1,1
"2092",10978,4,1,2
"2093",10979,4,1,2
"2094",10980,4,1,0
"2095",10981,4,1,1
"2096",10982,4,1,2
"2097",10983,4,1,1
"2098",10984,4,1,1
"2099",10985,4,1,1
"2100",10986,4,1,3
"2101",10987,4,1,2
"2102",10988,4,1,2
"2103",10989,4,1,2
"2104",10990,4,1,3
"2105",10991,4,1,1
"2106",10992,4,1,1
"2107",10993,4,1,2
"2108",10994,4,1,1
"2109",10995,4,1,1
"2110",10996,4,1,3
"2111",10997,4,1,2
"2112",10998,4,1,0
"2113",10999,4,1,2
"2114",11000,4,1,1
"2115",11001,4,1,2
"2116",11002,4,1,2
"2117",11003,4,1,1
"2118",11004,4,1,1
"2119",11005,4,1,0
"2120",11006,4,1,1
"2121",11007,4,1,2
"2122",11008,4,1,1
"2123",11009,4,1,2
"2124",11010,4,1,1
"2125",11011,4,1,1
"2126",11012,4,1,2
"2127",11013,4,1,1
"2128",11014,4,1,2
"2129",11015,4,1,2
"2130",11016,4,1,0
"2131",11017,4,1,1
"2132",11018,4,1,0
"2133",11019,4,1,2
"2134",11020,4,1,1
"2135",11021,4,1,1
"2136",11022,4,1,2
"2137",11023,4,1,2
"2138",11024,4,1,1
"2139",11025,4,1,0
"2140",11026,4,1,1
"2141",11027,4,1,0
"2142",11028,4,1,1
"2143",11029,4,1,1
"2144",11030,4,1,0
"2145",11031,4,1,1
"2146",11032,4,1,1
"2147",11033,4,1,1
"2148",11034,4,1,1
"2149",11035,4,1,1
"2150",11036,4,1,2
"2151",11037,4,1,2
"2152",11038,4,1,3
"2153",11039,4,1,2
"2154",11040,4,1,2
"2155",11041,4,1,3
"2156",11042,4,1,2
"2157",11043,4,1,1
"2158",11044,4,1,1
"2159",11045,4,1,0
"2160",11046,4,1,1
"2161",11047,4,1,2
"2162",11048,4,1,3
"2163",11049,4,1,2
"2164",11050,4,1,3
"2165",11051,4,1,1
"2166",11052,4,1,2
"2167",11053,4,1,1
"2168",11054,4,1,3
"2169",11055,4,1,1
"2170",11056,4,1,3
"2171",11057,4,1,1
"2172",11058,4,1,0
"2173",11059,4,1,2
"2174",11060,4,1,2
"2175",11061,4,1,1
"2176",11062,4,1,2
"2177",11063,4,1,1
"2178",11064,4,1,2
"2179",11065,4,1,2
"2180",11066,4,1,1
"2181",11067,4,1,2
"2182",11068,4,1,1
"2183",11069,4,1,1
"2184",11070,4,1,1
"2185",11071,4,1,1
"2186",11072,4,1,2
"2187",11073,4,1,1
"2188",11074,4,1,1
"2189",11075,4,1,2
"2190",11076,4,1,1
"2191",11077,4,1,1
"2192",11078,4,1,2
"2193",11079,4,1,2
"2194",11080,4,1,3
"2195",11081,4,1,1
"2196",11082,4,1,2
"2197",11083,4,1,1
"2198",11084,4,1,3
"2199",11085,4,1,2
"2200",11086,4,1,2
"2201",11087,4,1,1
"2202",11088,4,1,2
"2203",11089,4,1,2
"2204",11090,4,1,1
"2205",11091,4,1,1
"2206",11092,4,1,1
"2207",11093,4,1,1
"2208",11094,4,1,1
"2209",11095,4,1,0
"2210",11096,4,1,1
"2211",11097,4,1,1
"2212",11098,4,1,1
"2213",11099,4,1,1
"2214",11100,4,1,1
"2215",11101,4,1,2
"2216",11102,4,1,2
"2217",11103,4,1,1
"2218",11104,4,1,2
"2219",11105,4,1,1
"2220",11106,4,1,2
"2221",11107,4,1,1
"2222",11108,4,1,2
"2223",11109,4,1,2
"2224",11110,4,1,1
"2225",11111,4,1,2
"2226",11112,4,1,1
"2227",11113,4,1,1
"2228",11114,4,1,2
"2229",11115,4,1,0
"2230",11116,4,1,1
"2231",11117,4,1,1
"2232",11118,4,1,2
"2233",11119,4,1,1
"2234",11120,4,1,1
"2235",11121,4,1,1
"2236",11122,4,1,1
"2237",11123,4,1,2
"2238",11124,4,1,3
"2239",11125,4,1,1
"2240",11126,4,1,2
"2241",11127,4,1,1
"2242",11128,4,1,0
"2243",11129,4,1,2
"2244",11130,4,1,2
"2245",11131,4,1,2
"2246",11132,4,1,1
"2247",11133,4,1,2
"2248",11134,4,1,2
"2249",11135,4,1,1
"2250",11136,4,1,3
"2251",11137,4,1,1
"2252",11138,4,1,3
"2253",11139,4,1,1
"2254",11140,4,1,3
"2255",11141,4,1,1
"2256",11142,4,1,3
"2257",11143,4,1,2
"2258",11144,4,1,1
"2259",11145,4,1,0
"2260",11146,4,1,2
"2261",11147,4,1,1
"2262",11148,4,1,1
"2263",11149,4,1,1
"2264",11150,4,1,1
"2265",11151,4,1,1
"2266",11152,4,1,2
"2267",11153,4,1,2
"2268",11154,4,1,2
"2269",11155,4,1,2
"2270",11156,4,1,0
"2271",11157,4,1,2
"2272",11158,4,1,1
"2273",11159,4,1,2
"2274",11160,4,1,1
"2275",11161,4,1,1
"2276",11162,4,1,1
"2277",11163,4,1,0
"2278",11164,4,1,3
"2279",11165,4,1,1
"2280",11166,4,1,0
"2281",11167,4,1,2
"2282",11168,4,1,3
"2283",11169,4,1,1
"2284",11170,4,1,3
"2285",11171,4,1,2
"2286",11172,4,1,2
"2287",11173,4,1,1
"2288",11174,4,1,3
"2289",11175,4,1,2
"2290",11176,4,1,2
"2291",11177,4,1,3
"2292",11178,4,1,2
"2293",11179,4,1,2
"2294",11180,4,1,2
"2295",11181,4,1,2
"2296",11182,4,1,3
"2297",11183,4,1,1
"2298",11184,4,1,2
"2299",11185,4,1,1
"2300",11186,4,1,0
"2301",11187,4,1,0
"2302",11188,4,1,2
"2303",11189,4,1,1
"2304",11190,4,1,1
"2305",11191,4,1,2
"2306",11192,4,1,0
"2307",11193,4,1,3
"2308",11194,4,1,1
"2309",11195,4,1,2
"2310",11196,4,1,0
"2311",11197,4,1,1
"2312",11198,4,1,1
"2313",11199,4,1,2
"2314",11200,4,1,1
"2315",11201,4,1,1
"2316",11202,4,1,2
"2317",11203,4,1,1
"2318",11204,4,1,1
"2319",11205,4,1,1
"2320",11206,4,1,1
"2321",11207,4,1,1
"2322",11208,4,1,2
"2323",11209,4,1,1
"2324",11210,4,1,0
"2325",11211,4,1,1
"2326",11212,4,1,1
"2327",11213,4,1,1
"2328",11214,4,1,1
"2329",11215,4,1,2
"2330",11216,4,1,2
"2331",11217,4,1,1
"2332",11218,4,1,2
"2333",11219,4,1,2
"2334",11220,4,1,2
"2335",11221,4,1,2
"2336",11222,4,1,1
"2337",11223,4,1,1
"2338",11224,4,1,1
"2339",11225,4,1,1
"2340",11226,4,1,1
"2341",11227,4,1,1
"2342",11228,4,1,1
"2343",11229,4,1,2
"2344",11230,4,1,2
"2345",11231,4,1,1
"2346",11232,4,1,3
"2347",11233,4,1,1
"2348",11234,4,1,1
"2349",11235,5,1,1
"2350",11236,5,1,3
"2351",11237,5,1,3
"2352",11238,5,1,3
"2353",11239,5,1,3
"2354",11240,5,1,3
"2355",11241,5,1,3
"2356",11242,5,1,3
"2357",11243,5,1,3
"2358",11244,5,1,2
"2359",11245,5,1,2
"2360",11246,5,1,2
"2361",11247,5,1,2
"2362",11248,5,1,2
"2363",11249,5,1,2
"2364",11250,5,1,4
"2365",11251,5,1,2
"2366",11252,5,1,1
"2367",11253,5,1,3
"2368",11254,5,1,2
"2369",11255,5,1,2
"2370",11256,5,1,3
"2371",11257,5,1,3
"2372",11258,5,1,1
"2373",11259,5,1,2
"2374",11260,5,1,2
"2375",11261,5,1,3
"2376",11262,5,1,4
"2377",11263,5,1,3
"2378",11264,5,1,1
"2379",11265,5,1,4
"2380",11266,5,1,4
"2381",11267,5,1,3
"2382",11268,5,1,1
"2383",11269,5,1,4
"2384",11270,5,1,3
"2385",11271,5,1,2
"2386",11272,5,1,3
"2387",11273,5,1,3
"2388",11274,5,1,3
"2389",11275,5,1,2
"2390",11276,5,1,3
"2391",11277,5,1,3
"2392",11278,5,1,4
"2393",11279,5,1,3
"2394",11280,5,1,3
"2395",11281,5,1,2
"2396",11282,5,1,1
"2397",11283,5,1,4
"2398",11284,5,1,2
"2399",11285,5,1,2
"2400",11286,5,1,1
"2401",11287,5,1,4
"2402",11288,5,1,2
"2403",11289,5,1,2
"2404",11290,5,1,4
"2405",11291,5,1,3
"2406",11292,5,1,3
"2407",11293,5,1,3
"2408",11294,5,1,1
"2409",11295,5,1,2
"2410",11296,5,1,2
"2411",11297,5,1,3
"2412",11298,5,1,4
"2413",11299,5,1,3
"2414",11300,5,1,4
"2415",11301,5,1,1
"2416",11302,5,1,3
"2417",11303,5,1,3
"2418",11304,5,1,1
"2419",11305,5,1,2
"2420",11306,5,1,2
"2421",11307,5,1,2
"2422",11308,5,1,3
"2423",11309,5,1,3
"2424",11310,5,1,3
"2425",11311,5,1,2
"2426",11312,5,1,3
"2427",11313,5,1,2
"2428",11314,5,1,3
"2429",11315,5,1,3
"2430",11316,5,1,3
"2431",11317,5,1,4
"2432",11318,5,1,2
"2433",11319,5,1,2
"2434",11320,5,1,4
"2435",11321,5,1,3
"2436",11322,5,1,2
"2437",11323,5,1,3
"2438",11324,5,1,3
"2439",11325,5,1,2
"2440",11326,5,1,2
"2441",11327,5,1,1
"2442",11328,5,1,2
"2443",11329,5,1,2
"2444",11330,5,1,2
"2445",11331,5,1,4
"2446",11332,5,1,2
"2447",11333,5,1,2
"2448",11334,5,1,2
"2449",11335,5,1,3
"2450",11336,5,1,4
"2451",11337,5,1,4
"2452",11338,5,1,3
"2453",11339,5,1,4
"2454",11340,5,1,3
"2455",11341,5,1,3
"2456",11342,5,1,2
"2457",11343,5,1,2
"2458",11344,5,1,3
"2459",11345,5,1,2
"2460",11346,5,1,4
"2461",11347,5,1,2
"2462",11348,5,1,3
"2463",11349,5,1,2
"2464",11350,5,1,2
"2465",11351,5,1,2
"2466",11352,5,1,4
"2467",11353,5,1,3
"2468",11354,5,1,4
"2469",11355,5,1,2
"2470",11356,5,1,2
"2471",11357,5,1,3
"2472",11358,5,1,4
"2473",11359,5,1,1
"2474",11360,5,1,4
"2475",11361,5,1,2
"2476",11362,5,1,3
"2477",11363,5,1,3
"2478",11364,5,1,2
"2479",11365,5,1,3
"2480",11366,5,1,3
"2481",11367,5,1,2
"2482",11368,5,1,4
"2483",11369,5,1,2
"2484",11370,5,1,2
"2485",11371,5,1,1
"2486",11372,5,1,3
"2487",11373,5,1,3
"2488",11374,5,1,4
"2489",11375,5,1,1
"2490",11376,5,1,4
"2491",11377,5,1,3
"2492",11378,5,1,2
"2493",11379,5,1,2
"2494",11380,5,1,2
"2495",11381,5,1,1
"2496",11382,5,1,1
"2497",11383,5,1,3
"2498",11384,5,1,2
"2499",11385,5,1,2
"2500",11386,5,1,1
"2501",11387,5,1,2
"2502",11388,5,1,3
"2503",11389,5,1,2
"2504",11390,5,1,1
"2505",11391,5,1,3
"2506",11392,5,1,1
"2507",11393,5,1,2
"2508",11394,5,1,2
"2509",11395,5,1,1
"2510",11396,5,1,2
"2511",11397,5,1,2
"2512",11398,5,1,4
"2513",11399,5,1,4
"2514",11400,5,1,2
"2515",11401,5,1,1
"2516",11402,5,1,2
"2517",11403,5,1,4
"2518",11404,5,1,3
"2519",11405,5,1,2
"2520",11406,5,1,2
"2521",11407,5,1,3
"2522",11408,5,1,2
"2523",11409,5,1,2
"2524",11410,5,1,1
"2525",11411,5,1,2
"2526",11412,5,1,3
"2527",11413,5,1,3
"2528",11414,5,1,3
"2529",11415,5,1,2
"2530",11416,5,1,4
"2531",11417,5,1,2
"2532",11418,5,1,2
"2533",11419,5,1,3
"2534",11420,5,1,1
"2535",11421,5,1,1
"2536",11422,5,1,2
"2537",11423,5,1,3
"2538",11424,5,1,1
"2539",11425,5,1,2
"2540",11426,5,1,2
"2541",11427,5,1,2
"2542",11428,5,1,4
"2543",11429,5,1,2
"2544",11430,5,1,2
"2545",11431,5,1,3
"2546",11432,5,1,2
"2547",11433,5,1,3
"2548",11434,5,1,2
"2549",11435,5,1,2
"2550",11436,5,1,3
"2551",11437,5,1,2
"2552",11438,5,1,4
"2553",11439,5,1,2
"2554",11440,5,1,2
"2555",11441,5,1,2
"2556",11442,5,1,4
"2557",11443,5,1,3
"2558",11444,5,1,3
"2559",11445,5,1,2
"2560",11446,5,1,2
"2561",11447,5,1,1
"2562",11448,5,1,3
"2563",11449,5,1,3
"2564",11450,5,1,1
"2565",11451,5,1,3
"2566",11452,5,1,2
"2567",11453,5,1,2
"2568",11454,5,1,3
"2569",11455,5,1,2
"2570",11456,5,1,2
"2571",11457,5,1,3
"2572",11458,5,1,2
"2573",11459,5,1,3
"2574",11460,5,1,3
"2575",11461,5,1,2
"2576",11462,5,1,2
"2577",11463,5,1,2
"2578",11464,5,1,2
"2579",11465,5,1,2
"2580",11466,5,1,2
"2581",11467,5,1,3
"2582",11468,5,1,2
"2583",11469,5,1,2
"2584",11470,5,1,4
"2585",11471,5,1,2
"2586",11472,5,1,3
"2587",11473,5,1,2
"2588",11474,5,1,2
"2589",11475,5,1,4
"2590",11476,5,1,2
"2591",11477,5,1,4
"2592",11478,5,1,3
"2593",11479,5,1,3
"2594",11480,5,1,3
"2595",11481,5,1,1
"2596",11482,5,1,4
"2597",11483,5,1,2
"2598",11484,5,1,3
"2599",11485,5,1,2
"2600",11486,5,1,1
"2601",11487,5,1,3
"2602",11488,5,1,3
"2603",11489,5,1,2
"2604",11490,5,1,1
"2605",11491,5,1,1
"2606",11492,5,1,2
"2607",11493,5,1,1
"2608",11494,5,1,2
"2609",11495,5,1,3
"2610",11496,5,1,3
"2611",11497,5,1,2
"2612",11498,5,1,2
"2613",11499,5,1,4
"2614",11500,5,1,2
"2615",11501,5,1,2
"2616",11502,5,1,2
"2617",11503,5,1,2
"2618",11504,5,1,2
"2619",11505,5,1,1
"2620",11506,5,1,2
"2621",11507,5,1,4
"2622",11508,5,1,3
"2623",11509,5,1,2
"2624",11510,5,1,2
"2625",11511,5,1,1
"2626",11512,5,1,2
"2627",11513,5,1,2
"2628",11514,5,1,2
"2629",11515,5,1,2
"2630",11516,5,1,2
"2631",11517,5,1,2
"2632",11518,5,1,2
"2633",11519,5,1,2
"2634",11520,5,1,1
"2635",11521,5,1,3
"2636",11522,5,1,3
"2637",11523,5,1,2
"2638",11524,5,1,3
"2639",11525,5,1,3
"2640",11526,5,1,2
"2641",11527,5,1,4
"2642",11528,5,1,3
"2643",11529,5,1,3
"2644",11530,5,1,2
"2645",11531,5,1,1
"2646",11532,5,1,3
"2647",11533,5,1,3
"2648",11534,5,1,3
"2649",11535,5,1,1
"2650",11536,5,1,2
"2651",11537,5,1,2
"2652",11538,5,1,2
"2653",11539,5,1,2
"2654",11540,5,1,3
"2655",11541,5,1,1
"2656",11542,5,1,2
"2657",11543,5,1,1
"2658",11544,5,1,3
"2659",11545,5,1,3
"2660",11546,5,1,3
"2661",11547,5,1,3
"2662",11548,5,1,2
"2663",11549,5,1,3
"2664",11550,5,1,2
"2665",11551,5,1,2
"2666",11552,5,1,3
"2667",11553,5,1,2
"2668",11554,5,1,1
"2669",11555,5,1,3
"2670",11556,5,1,4
"2671",11557,5,1,3
"2672",11558,5,1,2
"2673",11559,5,1,2
"2674",11560,5,1,3
"2675",11561,5,1,2
"2676",11562,5,1,3
"2677",11563,5,1,4
"2678",11564,5,1,3
"2679",11565,5,1,2
"2680",11566,5,1,1
"2681",11567,5,1,3
"2682",11568,5,1,3
"2683",11569,5,1,3
"2684",11570,5,1,3
"2685",11571,5,1,1
"2686",11572,5,1,2
"2687",11573,5,1,4
"2688",11574,5,1,3
"2689",11575,5,1,2
"2690",11576,5,1,2
"2691",11577,5,1,3
"2692",11578,5,1,2
"2693",11579,5,1,3
"2694",11580,5,1,2
"2695",11581,5,1,3
"2696",11582,5,1,2
"2697",11583,5,1,2
"2698",11584,5,1,3
"2699",11585,5,1,1
"2700",11586,5,1,2
"2701",11587,5,1,1
"2702",11588,5,1,3
"2703",11589,5,1,3
"2704",11590,5,1,1
"2705",11591,5,1,2
"2706",11592,5,1,2
"2707",11593,5,1,2
"2708",11594,5,1,2
"2709",11595,5,1,2
"2710",11596,5,1,3
"2711",11597,5,1,1
"2712",11598,5,1,2
"2713",11599,5,1,2
"2714",11600,5,1,3
"2715",11601,5,1,3
"2716",11602,5,1,1
"2717",11603,5,1,3
"2718",11604,5,1,3
"2719",11605,5,1,2
"2720",11606,5,1,4
"2721",11607,5,1,4
"2722",11608,5,1,3
"2723",11609,5,1,2
"2724",11610,5,1,3
"2725",11611,5,1,3
"2726",11612,5,1,2
"2727",11613,5,1,4
"2728",11614,5,1,1
"2729",11615,5,1,3
"2730",11616,5,1,3
"2731",11617,5,1,4
"2732",11618,5,1,3
"2733",11619,5,1,2
"2734",11620,5,1,4
"2735",11621,5,1,2
"2736",11622,5,1,1
"2737",11623,5,1,3
"2738",11624,5,1,2
"2739",11625,5,1,2
"2740",11626,5,1,2
"2741",11627,5,1,3
"2742",11628,5,1,1
"2743",11629,5,1,3
"2744",11630,5,1,1
"2745",11631,5,1,3
"2746",11632,5,1,2
"2747",11633,5,1,2
"2748",11634,5,1,3
"2749",11635,5,1,3
"2750",11636,5,1,3
"2751",11637,5,1,4
"2752",11638,5,1,4
"2753",11639,5,1,2
"2754",11640,5,1,2
"2755",11641,5,1,4
"2756",11642,5,1,2
"2757",11643,5,1,2
"2758",11644,5,1,3
"2759",11645,5,1,4
"2760",11646,5,1,1
"2761",11647,5,1,2
"2762",11648,5,1,3
"2763",11649,5,1,3
"2764",11650,5,1,4
"2765",11651,5,1,2
"2766",11652,5,1,3
"2767",11653,5,1,2
"2768",11654,5,1,2
"2769",11655,5,1,1
"2770",11656,5,1,3
"2771",11657,5,1,2
"2772",11658,5,1,3
"2773",11659,5,1,2
"2774",11660,5,1,2
"2775",11661,5,1,2
"2776",11662,5,1,2
"2777",11663,5,1,1
"2778",11664,5,1,1
"2779",11665,5,1,2
"2780",11666,5,1,2
"2781",11667,5,1,3
"2782",11668,5,1,4
"2783",11669,5,1,2
"2784",11670,5,1,3
"2785",11671,5,1,3
"2786",11672,5,1,3
"2787",11673,5,1,1
"2788",11674,5,1,3
"2789",11675,5,1,3
"2790",11676,5,1,3
"2791",11677,5,1,2
"2792",11678,5,1,2
"2793",11679,5,1,3
"2794",11680,5,1,3
"2795",11681,5,1,2
"2796",11682,5,1,2
"2797",11683,5,1,1
"2798",11684,5,1,3
"2799",11685,5,1,3
"2800",11686,5,1,2
"2801",11687,5,1,1
"2802",11688,5,1,3
"2803",11689,5,1,2
"2804",11690,5,1,1
"2805",11691,5,1,2
"2806",11692,5,1,2
"2807",11693,5,1,3
"2808",11694,5,1,2
"2809",11695,5,1,2
"2810",11696,5,1,2
"2811",11697,5,1,4
"2812",11698,5,1,2
"2813",11699,5,1,2
"2814",11700,5,1,2
"2815",11701,5,1,3
"2816",11702,5,1,2
"2817",11703,5,1,3
"2818",11704,5,1,4
"2819",11705,5,1,4
"2820",11706,5,1,3
"2821",11707,5,1,2
"2822",11708,5,1,1
"2823",11709,5,1,1
"2824",11710,5,1,2
"2825",11711,5,1,2
"2826",11712,5,1,2
"2827",11713,5,1,4
"2828",11714,5,1,3
"2829",11715,5,1,2
"2830",11716,5,1,3
"2831",11717,5,1,2
"2832",11718,5,1,1
"2833",11719,5,1,3
"2834",11720,5,1,3
"2835",11721,5,1,2
"2836",11722,5,1,1
"2837",11723,5,1,3
"2838",11724,5,1,2
"2839",11725,5,1,2
"2840",11726,5,1,2
"2841",11727,5,1,3
"2842",11728,5,1,1
"2843",11729,5,1,3
"2844",11730,5,1,2
"2845",11731,5,1,2
"2846",11732,5,1,4
"2847",11733,5,1,3
"2848",11734,5,1,2
"2849",11735,5,1,4
"2850",11736,5,1,2
"2851",11737,5,1,2
"2852",11738,5,1,1
"2853",11739,5,1,2
"2854",11740,5,1,2
"2855",11741,5,1,3
"2856",11742,5,1,2
"2857",11743,5,1,1
"2858",11744,5,1,3
"2859",11745,5,1,1
"2860",11746,5,1,1
"2861",11747,5,1,3
"2862",11748,5,1,4
"2863",11749,5,1,2
"2864",11750,5,1,2
"2865",11751,5,1,3
"2866",11752,5,1,2
"2867",11753,5,1,4
"2868",11754,5,1,3
"2869",11755,5,1,3
"2870",11756,5,1,4
"2871",11757,5,1,1
"2872",11758,5,1,2
"2873",11759,5,1,2
"2874",11760,5,1,2
"2875",11761,5,1,3
"2876",11762,5,1,3
"2877",11763,5,1,2
"2878",11764,5,1,2
"2879",11765,5,1,3
"2880",11766,5,1,3
"2881",11767,5,1,2
"2882",11768,5,1,2
"2883",11769,5,1,3
"2884",11770,5,1,2
"2885",11771,5,1,3
"2886",11772,5,1,4
"2887",11773,5,1,3
"2888",11774,5,1,4
"2889",11775,5,1,1
"2890",11776,5,1,3
"2891",11777,5,1,3
"2892",11778,5,1,3
"2893",11779,5,1,4
"2894",11780,5,1,2
"2895",11781,5,1,2
"2896",11782,5,1,2
"2897",11783,5,1,3
"2898",11784,5,1,2
"2899",11785,5,1,1
"2900",11786,5,1,2
"2901",11787,5,1,3
"2902",11788,5,1,3
"2903",11789,5,1,2
"2904",11790,5,1,2
"2905",11791,5,1,2
"2906",11792,5,1,2
"2907",11793,5,1,2
"2908",11794,5,1,2
"2909",11795,5,1,2
"2910",11796,5,1,2
"2911",11797,5,1,3
"2912",11798,5,1,2
"2913",11799,5,1,2
"2914",11800,5,1,2
"2915",11801,5,1,1
"2916",11802,5,1,3
"2917",11803,5,1,2
"2918",11804,5,1,2
"2919",11805,5,1,4
"2920",11806,5,1,4
"2921",11807,5,1,3
"2922",11808,5,1,3
"2923",11809,5,1,2
"2924",11810,5,1,3
"2925",11811,5,1,1
"2926",11812,5,1,3
"2927",11813,5,1,3
"2928",11814,5,1,3
"2929",11815,5,1,1
"2930",11816,5,1,3
"2931",11817,5,1,3
"2932",11818,5,1,4
"2933",11819,5,1,3
"2934",11820,5,1,4
"2935",11821,5,1,2
"2936",11822,5,1,3
"2937",11823,5,1,2
"2938",11824,5,1,2
"2939",11825,5,1,2
"2940",11826,5,1,2
"2941",11827,5,1,2
"2942",11828,5,1,2
"2943",11829,5,1,3
"2944",11830,5,1,4
"2945",11831,5,1,2
"2946",11832,5,1,2
"2947",11833,5,1,2
"2948",11834,5,1,2
